M_James,M_John,M_Robert,M_Michael,M_William,M_David,M_Joseph,M_Richard,M_Charles,M_Thomas,M_Christopher,M_Daniel,M_Matthew,M_George,M_Anthony,M_Donald,M_Paul,M_Mark,M_Edward,M_Andrew,F_Mary,F_Elizabeth,F_Patricia,F_Jennifer,F_Linda,F_Barbara,F_Margaret,F_Susan,F_Dorothy,F_Sarah,F_Jessica,F_Helen,F_Nancy,F_Betty,F_Karen,F_Lisa,F_Anna,F_Sandra,F_Ashley,F_Emily,year
5927.0,9655.0,2415.0,354.0,9532.0,869.0,2632.0,728.0,5348.0,2534.0,95.0,643.0,113.0,5126.0,130.0,46.0,301.0,85.0,2364.0,644.0,7065.0,1939.0,0.0,0.0,27.0,127.0,1578.0,286.0,112.0,1288.0,7.0,636.0,410.0,117.0,0.0,0.0,2604.0,0.0,0.0,210.0,1880
5441.0,8769.0,2140.0,298.0,8524.0,750.0,2456.0,641.0,4636.0,2282.0,68.0,527.0,80.0,4664.0,128.0,27.0,291.0,94.0,2177.0,588.0,6919.0,1852.0,0.0,0.0,38.0,130.0,1658.0,292.0,109.0,1226.0,7.0,612.0,429.0,112.0,6.0,0.0,2698.0,0.0,0.0,244.0,1881
5892.0,9557.0,2500.0,321.0,9298.0,838.0,2670.0,746.0,5091.0,2610.0,89.0,594.0,109.0,5193.0,139.0,48.0,397.0,90.0,2477.0,673.0,8148.0,2186.0,0.0,0.0,36.0,130.0,1821.0,326.0,115.0,1410.0,8.0,838.0,439.0,123.0,0.0,0.0,3143.0,0.0,0.0,272.0,1882
5223.0,8894.0,2334.0,307.0,8387.0,734.0,2515.0,649.0,4826.0,2316.0,89.0,615.0,86.0,4736.0,143.0,52.0,358.0,91.0,2250.0,623.0,8012.0,2255.0,0.0,0.0,49.0,135.0,1881.0,322.0,141.0,1359.0,6.0,862.0,412.0,120.0,0.0,0.0,3306.0,0.0,0.0,342.0,1883
5693.0,9388.0,2468.0,373.0,8897.0,761.0,2707.0,749.0,4802.0,2572.0,68.0,573.0,117.0,4961.0,179.0,59.0,422.0,96.0,2439.0,616.0,9217.0,2549.0,6.0,0.0,33.0,193.0,2142.0,326.0,163.0,1518.0,14.0,986.0,520.0,144.0,0.0,0.0,3860.0,0.0,0.0,364.0,1884
5175.0,8756.0,2322.0,370.0,8044.0,712.0,2540.0,672.0,4599.0,2266.0,71.0,535.0,111.0,4674.0,153.0,47.0,428.0,74.0,2220.0,599.0,9128.0,2582.0,5.0,0.0,60.0,195.0,2204.0,302.0,196.0,1424.0,6.0,1134.0,527.0,155.0,10.0,0.0,3994.0,0.0,0.0,346.0,1885
5355.0,9026.0,2443.0,348.0,8252.0,674.0,2594.0,720.0,4533.0,2337.0,66.0,555.0,112.0,4671.0,174.0,57.0,466.0,106.0,2312.0,614.0,9889.0,2680.0,8.0,0.0,49.0,207.0,2275.0,323.0,230.0,1569.0,11.0,1267.0,492.0,167.0,9.0,6.0,4283.0,0.0,0.0,369.0,1886
4768.0,8110.0,2125.0,345.0,7470.0,673.0,2456.0,622.0,4031.0,2151.0,56.0,557.0,108.0,4284.0,153.0,60.0,449.0,76.0,2125.0,520.0,9888.0,2681.0,10.0,0.0,50.0,204.0,2419.0,335.0,272.0,1436.0,8.0,1405.0,511.0,178.0,9.0,0.0,4227.0,0.0,0.0,335.0,1887
5562.0,9247.0,2814.0,466.0,8705.0,801.0,2993.0,772.0,4591.0,2449.0,79.0,566.0,114.0,4912.0,193.0,77.0,529.0,115.0,2470.0,615.0,11754.0,3224.0,12.0,0.0,77.0,253.0,2904.0,363.0,373.0,1755.0,18.0,1847.0,582.0,214.0,5.0,0.0,4982.0,0.0,0.0,457.0,1888
5020.0,8548.0,2513.0,377.0,7772.0,757.0,2729.0,711.0,4199.0,2233.0,71.0,515.0,118.0,4430.0,219.0,75.0,556.0,101.0,2299.0,561.0,11648.0,3058.0,17.0,0.0,74.0,246.0,2917.0,356.0,377.0,1730.0,9.0,1909.0,470.0,189.0,10.0,0.0,5062.0,0.0,0.0,429.0,1889
5097.0,8502.0,2541.0,394.0,7494.0,731.0,2670.0,744.0,4061.0,2200.0,66.0,505.0,86.0,4458.0,189.0,109.0,607.0,83.0,2282.0,575.0,12078.0,3112.0,11.0,0.0,54.0,241.0,3100.0,354.0,458.0,1786.0,18.0,2312.0,512.0,216.0,14.0,0.0,5233.0,0.0,0.0,509.0,1890
4516.0,7680.0,2240.0,333.0,6763.0,673.0,2572.0,609.0,3640.0,1982.0,62.0,505.0,113.0,3931.0,170.0,100.0,564.0,86.0,1989.0,521.0,11703.0,3059.0,12.0,0.0,78.0,221.0,3065.0,370.0,566.0,1669.0,14.0,2417.0,523.0,239.0,6.0,0.0,5099.0,0.0,0.0,444.0,1891
5398.0,9039.0,2710.0,380.0,7782.0,813.0,3064.0,802.0,4319.0,2413.0,100.0,533.0,132.0,4760.0,255.0,137.0,747.0,86.0,2416.0,637.0,13172.0,3461.0,21.0,0.0,83.0,278.0,3435.0,366.0,626.0,1798.0,14.0,2936.0,591.0,255.0,10.0,0.0,5542.0,0.0,0.0,518.0,1892
5030.0,8049.0,2563.0,407.0,7223.0,724.0,2997.0,732.0,3723.0,2157.0,93.0,522.0,108.0,4320.0,220.0,166.0,743.0,92.0,2309.0,520.0,12784.0,3360.0,28.0,0.0,82.0,255.0,3565.0,356.0,821.0,1632.0,15.0,3249.0,538.0,298.0,7.0,0.0,5695.0,0.0,0.0,506.0,1893
5110.0,8238.0,2497.0,423.0,7274.0,729.0,2977.0,808.0,3788.0,2170.0,72.0,515.0,124.0,4365.0,257.0,169.0,824.0,84.0,2179.0,594.0,13151.0,3425.0,36.0,0.0,94.0,290.0,3700.0,357.0,1052.0,1701.0,10.0,3676.0,515.0,298.0,11.0,0.0,5565.0,0.0,0.0,551.0,1894
5335.0,8320.0,2635.0,413.0,7277.0,707.0,2992.0,727.0,3633.0,2153.0,60.0,516.0,112.0,4289.0,221.0,203.0,933.0,102.0,2203.0,562.0,13446.0,3603.0,35.0,0.0,96.0,298.0,3931.0,393.0,1127.0,1777.0,19.0,4023.0,566.0,350.0,0.0,0.0,5950.0,0.0,0.0,605.0,1895
5207.0,8138.0,2719.0,399.0,7747.0,765.0,3051.0,834.0,3639.0,2088.0,73.0,561.0,123.0,4286.0,276.0,211.0,964.0,119.0,2296.0,566.0,13811.0,3471.0,37.0,0.0,104.0,324.0,4051.0,343.0,1366.0,1691.0,9.0,4392.0,527.0,342.0,9.0,5.0,5860.0,0.0,0.0,527.0,1896
5113.0,7550.0,2701.0,368.0,7198.0,730.0,2827.0,702.0,3341.0,1980.0,57.0,520.0,100.0,4078.0,249.0,195.0,923.0,104.0,2121.0,555.0,13413.0,3442.0,49.0,0.0,81.0,299.0,4146.0,341.0,1472.0,1713.0,9.0,4519.0,553.0,367.0,5.0,0.0,5429.0,0.0,0.0,619.0,1897
5321.0,8159.0,2932.0,434.0,7400.0,815.0,3171.0,872.0,3557.0,2161.0,43.0,523.0,133.0,4853.0,325.0,238.0,991.0,108.0,2337.0,611.0,14406.0,3659.0,47.0,0.0,102.0,304.0,4696.0,382.0,1671.0,1800.0,13.0,5230.0,546.0,421.0,8.0,0.0,5773.0,0.0,0.0,628.0,1898
4597.0,6990.0,2609.0,375.0,6086.0,646.0,2679.0,744.0,3147.0,1811.0,42.0,485.0,101.0,4018.0,291.0,258.0,885.0,89.0,1901.0,578.0,13172.0,3287.0,56.0,0.0,98.0,273.0,4249.0,350.0,1687.0,1587.0,14.0,5048.0,475.0,410.0,9.0,7.0,5115.0,0.0,0.0,569.0,1899
7245.0,9829.0,3821.0,495.0,8579.0,885.0,3714.0,1141.0,4099.0,2557.0,55.0,598.0,130.0,5403.0,406.0,328.0,1288.0,137.0,2720.0,718.0,16706.0,4096.0,87.0,0.0,125.0,340.0,5304.0,410.0,2491.0,2055.0,23.0,6343.0,673.0,664.0,8.0,0.0,6114.0,0.0,0.0,626.0,1900
4735.0,6900.0,2543.0,384.0,5990.0,672.0,2766.0,784.0,3049.0,1820.0,34.0,416.0,90.0,3609.0,323.0,250.0,924.0,92.0,1917.0,479.0,13136.0,3216.0,68.0,0.0,86.0,277.0,4424.0,342.0,2173.0,1514.0,8.0,5247.0,519.0,473.0,5.0,0.0,4923.0,0.0,0.0,537.0,1901
5592.0,7907.0,3180.0,460.0,6616.0,761.0,3098.0,908.0,3361.0,2134.0,47.0,501.0,104.0,4223.0,420.0,366.0,1067.0,104.0,2294.0,558.0,14486.0,3694.0,85.0,0.0,91.0,306.0,5011.0,335.0,2707.0,1710.0,9.0,5967.0,571.0,580.0,0.0,0.0,5288.0,0.0,0.0,606.0,1902
5480.0,7608.0,3044.0,466.0,6311.0,716.0,3121.0,863.0,3213.0,1962.0,50.0,432.0,102.0,3961.0,399.0,359.0,1081.0,81.0,2268.0,551.0,14275.0,3723.0,79.0,0.0,90.0,346.0,5046.0,305.0,3078.0,1553.0,16.0,6129.0,527.0,596.0,8.0,0.0,5098.0,0.0,0.0,558.0,1903
5855.0,8108.0,3414.0,462.0,6416.0,817.0,3291.0,957.0,3406.0,2057.0,43.0,472.0,97.0,4219.0,422.0,413.0,1194.0,114.0,2334.0,547.0,14961.0,3833.0,124.0,0.0,101.0,357.0,5302.0,324.0,3477.0,1594.0,16.0,6488.0,508.0,707.0,11.0,9.0,5330.0,8.0,0.0,599.0,1904
6042.0,8060.0,3410.0,513.0,6495.0,838.0,3302.0,1033.0,3608.0,2135.0,50.0,484.0,107.0,4256.0,490.0,426.0,1262.0,94.0,2366.0,620.0,16067.0,4121.0,121.0,0.0,105.0,366.0,5690.0,320.0,3937.0,1762.0,17.0,6811.0,535.0,807.0,11.0,5.0,5424.0,5.0,0.0,683.0,1905
5908.0,8265.0,3635.0,531.0,6567.0,878.0,3527.0,1084.0,3607.0,2176.0,49.0,506.0,136.0,4201.0,542.0,486.0,1309.0,85.0,2398.0,611.0,16370.0,4321.0,157.0,0.0,98.0,413.0,6096.0,327.0,4326.0,1697.0,18.0,7176.0,557.0,865.0,16.0,0.0,5502.0,10.0,0.0,619.0,1906
6707.0,8983.0,4020.0,586.0,6904.0,945.0,3844.0,1235.0,3884.0,2175.0,52.0,528.0,124.0,4445.0,593.0,616.0,1358.0,97.0,2576.0,708.0,17580.0,4624.0,177.0,0.0,102.0,515.0,6713.0,355.0,4967.0,1799.0,17.0,7579.0,582.0,1018.0,14.0,7.0,5575.0,5.0,0.0,714.0,1907
7012.0,9342.0,4219.0,689.0,7528.0,1016.0,4162.0,1244.0,3929.0,2301.0,54.0,530.0,152.0,4584.0,690.0,664.0,1478.0,67.0,2707.0,722.0,18665.0,4904.0,205.0,0.0,93.0,514.0,6976.0,350.0,5703.0,1814.0,17.0,8439.0,651.0,1128.0,13.0,0.0,5860.0,15.0,0.0,732.0,1908
7594.0,9591.0,4563.0,635.0,7914.0,1094.0,4348.0,1427.0,4029.0,2468.0,50.0,569.0,147.0,4688.0,758.0,725.0,1676.0,101.0,2935.0,766.0,19259.0,5176.0,233.0,0.0,105.0,567.0,7359.0,380.0,6253.0,1845.0,18.0,9250.0,610.0,1082.0,12.0,0.0,5804.0,5.0,0.0,749.0,1909
9195.0,11450.0,5609.0,844.0,8844.0,1258.0,5228.0,1654.0,4785.0,2851.0,70.0,692.0,197.0,5441.0,980.0,860.0,2005.0,131.0,3408.0,884.0,22848.0,5800.0,316.0,0.0,137.0,612.0,8226.0,395.0,7318.0,2173.0,28.0,10479.0,811.0,1389.0,11.0,9.0,6436.0,9.0,0.0,785.0,1910
9951.0,13446.0,6526.0,1159.0,10593.0,1556.0,6488.0,2030.0,5725.0,3292.0,83.0,796.0,220.0,6586.0,1288.0,1275.0,2393.0,142.0,4164.0,1098.0,24390.0,6298.0,325.0,0.0,130.0,737.0,9279.0,459.0,8869.0,2201.0,21.0,11801.0,827.0,1456.0,11.0,9.0,6753.0,15.0,0.0,909.0,1911
17644.0,24587.0,12837.0,2104.0,19626.0,2858.0,12062.0,4188.0,11070.0,6087.0,151.0,1524.0,380.0,11734.0,2480.0,2872.0,4785.0,284.0,7936.0,1946.0,32304.0,8528.0,504.0,0.0,189.0,1184.0,12535.0,522.0,12645.0,2919.0,36.0,16133.0,1078.0,2011.0,28.0,7.0,8586.0,20.0,0.0,1147.0,1912
20831.0,29329.0,15683.0,2607.0,23538.0,3282.0,14471.0,5107.0,13190.0,7096.0,157.0,1878.0,491.0,13874.0,2781.0,3703.0,5966.0,349.0,9474.0,2222.0,36642.0,9505.0,588.0,0.0,238.0,1451.0,14486.0,543.0,14674.0,3178.0,25.0,18888.0,1290.0,2240.0,12.0,16.0,9687.0,36.0,0.0,1387.0,1913
26263.0,37948.0,21188.0,3362.0,29753.0,4251.0,18829.0,6669.0,16937.0,8850.0,200.0,2325.0,613.0,17603.0,3695.0,4836.0,7733.0,386.0,12318.0,2965.0,45345.0,11367.0,656.0,0.0,219.0,2061.0,17763.0,661.0,18782.0,3679.0,42.0,23221.0,1575.0,2933.0,34.0,12.0,11865.0,40.0,0.0,1650.0,1914
33776.0,47577.0,28738.0,4081.0,38564.0,5394.0,23052.0,9143.0,21959.0,11490.0,242.0,3002.0,798.0,22308.0,4722.0,7116.0,10328.0,529.0,15889.0,3573.0,58187.0,14103.0,895.0,0.0,290.0,2704.0,23054.0,817.0,25154.0,4415.0,55.0,30866.0,1988.0,4181.0,36.0,14.0,15119.0,49.0,0.0,2091.0,1915
35569.0,50045.0,31741.0,4210.0,40419.0,5813.0,23883.0,10134.0,23612.0,11998.0,260.0,3149.0,825.0,23379.0,4749.0,7737.0,10790.0,571.0,17005.0,3723.0,61438.0,14939.0,1078.0,5.0,297.0,3113.0,24952.0,844.0,27417.0,4798.0,53.0,32662.0,2165.0,5136.0,42.0,11.0,15228.0,43.0,0.0,2213.0,1916
37339.0,51853.0,35220.0,4289.0,42423.0,6100.0,24762.0,10914.0,24144.0,12611.0,263.0,3360.0,862.0,24196.0,5027.0,8729.0,11155.0,528.0,17502.0,3751.0,64281.0,15131.0,1441.0,0.0,291.0,3535.0,25560.0,837.0,28851.0,4766.0,55.0,34251.0,2412.0,6639.0,47.0,13.0,15160.0,63.0,5.0,2220.0,1917
42119.0,56559.0,40620.0,4296.0,45290.0,6627.0,26263.0,12324.0,26923.0,13910.0,272.0,3726.0,963.0,26320.0,5168.0,9974.0,11755.0,627.0,19490.0,4139.0,67366.0,15853.0,1760.0,0.0,322.0,4224.0,27140.0,912.0,32032.0,4969.0,56.0,36148.0,2510.0,8803.0,56.0,15.0,15666.0,72.0,0.0,2361.0,1918
42392.0,53529.0,41027.0,3910.0,43972.0,6717.0,24264.0,12440.0,25191.0,13434.0,263.0,3528.0,879.0,25170.0,4737.0,9903.0,11307.0,587.0,18534.0,3851.0,65841.0,15287.0,2144.0,6.0,282.0,4084.0,26237.0,824.0,31734.0,5022.0,40.0,33706.0,2629.0,10106.0,27.0,14.0,14498.0,86.0,0.0,2307.0,1919
47909.0,56913.0,48678.0,4003.0,50147.0,7445.0,25591.0,15010.0,28308.0,14938.0,293.0,3896.0,967.0,26893.0,4946.0,11941.0,12569.0,590.0,20095.0,4026.0,70980.0,15910.0,2502.0,7.0,349.0,5106.0,27997.0,850.0,36643.0,5031.0,43.0,35097.0,2982.0,14017.0,42.0,17.0,14580.0,112.0,0.0,2168.0,1920
49749.0,58217.0,52781.0,4198.0,51862.0,7767.0,26180.0,16376.0,29246.0,15308.0,291.0,4089.0,915.0,27476.0,5237.0,13776.0,13168.0,626.0,20817.0,4015.0,73982.0,15799.0,3381.0,5.0,367.0,6014.0,28466.0,846.0,39086.0,5023.0,48.0,34821.0,3323.0,17637.0,42.0,17.0,14477.0,120.0,0.0,2184.0,1921
49803.0,57276.0,53797.0,3992.0,51117.0,7865.0,25700.0,17539.0,28840.0,15264.0,307.0,4283.0,983.0,27349.0,5092.0,14915.0,12925.0,667.0,20421.0,3804.0,72175.0,15242.0,3902.0,7.0,365.0,6273.0,26864.0,795.0,37716.0,4982.0,40.0,32507.0,3517.0,20894.0,50.0,15.0,13405.0,97.0,0.0,2146.0,1922
50465.0,57472.0,56120.0,3914.0,52135.0,8233.0,25560.0,18884.0,28960.0,15884.0,295.0,4265.0,935.0,27024.0,5119.0,16436.0,13362.0,659.0,20599.0,3747.0,71635.0,15461.0,4799.0,9.0,423.0,7208.0,26133.0,812.0,39044.0,4963.0,52.0,31490.0,3673.0,25991.0,48.0,15.0,12864.0,110.0,0.0,2056.0,1923
52944.0,59052.0,60798.0,3872.0,53515.0,8758.0,25426.0,21244.0,30465.0,16557.0,297.0,4403.0,851.0,27373.0,5193.0,17929.0,13339.0,672.0,21125.0,3746.0,73532.0,14951.0,6958.0,11.0,454.0,8307.0,26550.0,832.0,39997.0,5044.0,41.0,31191.0,3990.0,30602.0,59.0,23.0,13079.0,145.0,0.0,2044.0,1924
52681.0,57197.0,60896.0,3760.0,53303.0,8917.0,24615.0,23270.0,29581.0,16685.0,286.0,4551.0,840.0,26568.0,5040.0,19194.0,14175.0,651.0,20090.0,3615.0,70597.0,13935.0,8095.0,9.0,438.0,9155.0,24464.0,862.0,38570.0,4688.0,34.0,29170.0,4325.0,32813.0,49.0,13.0,12249.0,177.0,0.0,1766.0,1925
53205.0,56119.0,61131.0,3487.0,51919.0,9039.0,23762.0,25149.0,29521.0,16601.0,270.0,4514.0,775.0,25905.0,5061.0,20910.0,13656.0,705.0,19378.0,3343.0,67829.0,12836.0,8590.0,10.0,479.0,11079.0,23068.0,855.0,36615.0,4422.0,35.0,26885.0,4565.0,32963.0,62.0,31.0,11698.0,171.0,0.0,1729.0,1926
53675.0,55947.0,61669.0,3606.0,51482.0,9424.0,23504.0,26767.0,31935.0,17022.0,286.0,4616.0,790.0,25949.0,4919.0,23841.0,13605.0,701.0,19113.0,3438.0,70637.0,12527.0,10553.0,5.0,516.0,13162.0,21964.0,868.0,35991.0,4558.0,39.0,25319.0,5023.0,35423.0,57.0,15.0,11215.0,207.0,0.0,1656.0,1927
52753.0,53755.0,60696.0,3599.0,49111.0,10002.0,22306.0,28796.0,31245.0,16576.0,266.0,4435.0,784.0,24397.0,4717.0,25698.0,13160.0,650.0,18489.0,3143.0,66869.0,11762.0,12333.0,7.0,554.0,14872.0,20294.0,812.0,33730.0,4242.0,36.0,22934.0,5536.0,36079.0,78.0,12.0,10574.0,235.0,0.0,1559.0,1928
52122.0,52116.0,59796.0,3463.0,47809.0,11300.0,21164.0,29572.0,29932.0,16276.0,274.0,4369.0,727.0,23019.0,4732.0,27186.0,12429.0,577.0,17225.0,3078.0,63510.0,11251.0,13624.0,17.0,509.0,16037.0,19207.0,875.0,31478.0,3816.0,42.0,20984.0,6873.0,36673.0,79.0,22.0,9751.0,253.0,0.0,1445.0,1929
53944.0,52432.0,62147.0,3545.0,47259.0,12272.0,20981.0,32178.0,31863.0,17013.0,267.0,4465.0,657.0,22779.0,4678.0,29046.0,12960.0,591.0,17347.0,3057.0,64146.0,10995.0,15752.0,17.0,492.0,18281.0,18351.0,1004.0,30407.0,3919.0,38.0,19914.0,9069.0,38233.0,100.0,34.0,9079.0,298.0,0.0,1344.0,1930
51213.0,48420.0,60513.0,3488.0,43269.0,11778.0,19331.0,31816.0,29924.0,16846.0,237.0,4359.0,607.0,20685.0,4302.0,29104.0,12250.0,665.0,15646.0,2713.0,60296.0,10293.0,16468.0,26.0,534.0,21797.0,17333.0,1005.0,26522.0,3636.0,39.0,17660.0,10033.0,36104.0,154.0,28.0,8430.0,453.0,0.0,1188.0,1931
51920.0,48611.0,59262.0,3610.0,42114.0,12138.0,18560.0,31799.0,31097.0,16833.0,244.0,4447.0,703.0,20436.0,4221.0,29778.0,12072.0,716.0,15187.0,2646.0,59872.0,9994.0,17990.0,25.0,775.0,26315.0,16548.0,1227.0,24973.0,3599.0,44.0,16374.0,10945.0,34415.0,303.0,41.0,7919.0,822.0,0.0,1146.0,1932
51106.0,46220.0,54212.0,3545.0,39045.0,12021.0,17161.0,31336.0,28985.0,16500.0,208.0,4312.0,581.0,18354.0,3975.0,28435.0,11848.0,693.0,13792.0,2344.0,55507.0,9016.0,18629.0,30.0,786.0,26950.0,15239.0,1263.0,22047.0,3619.0,43.0,14643.0,11871.0,31524.0,453.0,21.0,7073.0,1365.0,0.0,1062.0,1933
54243.0,46737.0,55828.0,4105.0,40168.0,13999.0,17103.0,33156.0,29791.0,17367.0,271.0,4499.0,610.0,18497.0,3839.0,30407.0,12197.0,703.0,13918.0,2444.0,56924.0,9344.0,20845.0,41.0,1000.0,29233.0,15146.0,1492.0,21283.0,3598.0,46.0,14100.0,13517.0,31083.0,588.0,33.0,6679.0,2550.0,0.0,1068.0,1934
55000.0,47497.0,56524.0,4908.0,40195.0,15662.0,17182.0,33938.0,29979.0,17682.0,269.0,4590.0,654.0,18559.0,3908.0,29658.0,12558.0,787.0,13837.0,2292.0,55065.0,9075.0,22876.0,36.0,1196.0,30693.0,14724.0,1801.0,19403.0,3617.0,47.0,12781.0,14544.0,28671.0,1098.0,31.0,6162.0,4089.0,0.0,1094.0,1935
54684.0,47667.0,58491.0,5802.0,39387.0,17478.0,17453.0,33484.0,29083.0,18338.0,277.0,4815.0,608.0,18195.0,3978.0,28635.0,12305.0,712.0,14193.0,2278.0,54373.0,8860.0,23914.0,42.0,2439.0,31681.0,14593.0,2155.0,17668.0,3516.0,43.0,12234.0,16756.0,25865.0,1719.0,47.0,5725.0,5525.0,0.0,1123.0,1936
56549.0,48746.0,61829.0,7095.0,40709.0,20973.0,17316.0,32976.0,30519.0,19773.0,294.0,5124.0,606.0,18428.0,4335.0,27866.0,12874.0,809.0,14930.0,2403.0,55642.0,9386.0,26838.0,38.0,4380.0,34907.0,15145.0,2643.0,16572.0,3587.0,72.0,11454.0,17069.0,25331.0,2232.0,53.0,5449.0,7520.0,0.0,1293.0,1937
59096.0,50513.0,62265.0,9078.0,42422.0,22992.0,17734.0,34382.0,31137.0,21376.0,308.0,5582.0,608.0,18435.0,4688.0,26664.0,13354.0,903.0,14546.0,2408.0,56214.0,9800.0,27555.0,51.0,7046.0,39277.0,15330.0,3555.0,16347.0,3748.0,50.0,10834.0,18947.0,25503.0,4508.0,80.0,5140.0,10806.0,7.0,1308.0,1938
59628.0,51017.0,59645.0,10824.0,42078.0,25361.0,17715.0,35372.0,30785.0,22127.0,359.0,5797.0,621.0,17887.0,4609.0,24055.0,13331.0,868.0,14428.0,2440.0,54903.0,9707.0,29706.0,62.0,10714.0,37258.0,14952.0,4886.0,15171.0,3670.0,77.0,10418.0,19728.0,23640.0,5542.0,78.0,4931.0,11970.0,0.0,1292.0,1939
62471.0,54777.0,61195.0,13229.0,44770.0,27684.0,18205.0,37416.0,31685.0,23987.0,500.0,6220.0,664.0,18308.0,4766.0,23104.0,14101.0,1165.0,14401.0,2430.0,56201.0,9952.0,32662.0,102.0,18368.0,36733.0,15058.0,6755.0,14877.0,3869.0,61.0,10199.0,19732.0,22074.0,7283.0,89.0,4717.0,16150.0,0.0,1269.0,1940
66731.0,57515.0,64233.0,15931.0,47786.0,30552.0,19800.0,39104.0,32728.0,26641.0,619.0,7049.0,729.0,19260.0,5235.0,22628.0,15162.0,1625.0,15575.0,2709.0,58040.0,10269.0,36901.0,136.0,23720.0,39537.0,15696.0,8889.0,14563.0,3981.0,81.0,9889.0,20882.0,20902.0,10830.0,92.0,4430.0,19499.0,6.0,1368.0,1941
77173.0,66027.0,71835.0,21726.0,54879.0,35891.0,22421.0,43583.0,35845.0,31099.0,812.0,8506.0,841.0,21273.0,6210.0,23951.0,16486.0,2040.0,17465.0,3143.0,63249.0,11182.0,39454.0,198.0,31611.0,44734.0,16551.0,12016.0,15032.0,4102.0,127.0,10015.0,23325.0,21654.0,15385.0,125.0,4487.0,24993.0,8.0,1419.0,1942
80258.0,68915.0,74862.0,24743.0,55899.0,37236.0,22821.0,46327.0,36628.0,32860.0,889.0,9165.0,819.0,21681.0,6202.0,24412.0,17251.0,2515.0,17711.0,3349.0,66169.0,11646.0,39623.0,337.0,38438.0,43428.0,17150.0,14888.0,14789.0,3987.0,121.0,9799.0,23989.0,21596.0,16816.0,163.0,4232.0,25988.0,10.0,1336.0,1943
76947.0,66612.0,70848.0,26722.0,52364.0,37377.0,21170.0,45637.0,34650.0,31599.0,1003.0,9314.0,765.0,20419.0,5605.0,23462.0,16653.0,2741.0,16475.0,3054.0,62466.0,11033.0,36876.0,684.0,38411.0,39195.0,16318.0,16329.0,13380.0,3859.0,124.0,8694.0,23212.0,19758.0,15943.0,193.0,3634.0,26023.0,10.0,1251.0,1944
74450.0,66118.0,69933.0,29899.0,50211.0,37094.0,20816.0,46042.0,32463.0,31870.0,1138.0,9706.0,730.0,19319.0,5686.0,22135.0,16993.0,3544.0,15867.0,3007.0,59284.0,10337.0,35839.0,986.0,41461.0,38276.0,15682.0,19224.0,12325.0,3592.0,132.0,8301.0,21456.0,18388.0,15679.0,250.0,3607.0,24701.0,10.0,1134.0,1945
87431.0,79261.0,84134.0,41179.0,60039.0,46437.0,24279.0,58865.0,38200.0,38868.0,1600.0,12867.0,892.0,21572.0,6771.0,26260.0,21055.0,5330.0,18580.0,3759.0,67468.0,11752.0,46296.0,1733.0,52711.0,45123.0,18132.0,28266.0,12798.0,3907.0,240.0,8851.0,28344.0,19712.0,19645.0,328.0,3998.0,31692.0,7.0,1379.0,1946
94756.0,88318.0,91642.0,50500.0,66986.0,57804.0,27513.0,58516.0,40772.0,44833.0,2272.0,15188.0,1046.0,23919.0,8012.0,28255.0,22795.0,7773.0,20544.0,4343.0,71688.0,13441.0,51278.0,2012.0,99686.0,48791.0,20103.0,31953.0,12750.0,4223.0,430.0,8979.0,32442.0,18963.0,21645.0,422.0,4240.0,34774.0,11.0,1468.0,1947
88588.0,82830.0,85467.0,52565.0,61964.0,56616.0,26804.0,50970.0,38677.0,43778.0,3038.0,16508.0,1054.0,21922.0,7881.0,26442.0,21246.0,10268.0,18977.0,4307.0,68596.0,13211.0,46134.0,1879.0,96209.0,46827.0,18872.0,35985.0,11324.0,4157.0,482.0,8304.0,29411.0,16621.0,21996.0,468.0,4038.0,31060.0,13.0,1391.0,1948
86855.0,81155.0,83869.0,60039.0,61501.0,59602.0,26410.0,50936.0,40043.0,45204.0,4000.0,18233.0,1219.0,21313.0,8449.0,27106.0,21588.0,13728.0,19170.0,4517.0,66862.0,13712.0,46330.0,2623.0,91016.0,42598.0,19451.0,37707.0,10407.0,4296.0,406.0,7706.0,29244.0,14944.0,22467.0,598.0,3897.0,30643.0,11.0,1393.0,1949
86239.0,79420.0,83565.0,65151.0,60690.0,60730.0,27026.0,51001.0,39099.0,45603.0,4836.0,19193.0,1303.0,20175.0,8622.0,26998.0,21757.0,16605.0,18715.0,4930.0,65482.0,14337.0,47945.0,2802.0,80432.0,41557.0,18111.0,38018.0,9552.0,4146.0,402.0,7059.0,29618.0,13612.0,24139.0,1175.0,3817.0,28895.0,15.0,1317.0,1950
87272.0,81577.0,86361.0,72799.0,62780.0,64801.0,28156.0,54551.0,39405.0,48278.0,5732.0,21125.0,1605.0,20216.0,9844.0,27918.0,22851.0,21210.0,19912.0,5378.0,65726.0,15120.0,56441.0,2975.0,73972.0,40621.0,17693.0,40227.0,9090.0,4029.0,466.0,6949.0,30346.0,12824.0,28001.0,1700.0,3868.0,27664.0,15.0,1287.0,1951
87107.0,83163.0,86622.0,79076.0,63059.0,71778.0,28524.0,58373.0,38875.0,48655.0,6298.0,23426.0,2040.0,19826.0,11191.0,28288.0,24300.0,25682.0,19520.0,5575.0,65639.0,16023.0,53101.0,3528.0,67088.0,39871.0,17097.0,41350.0,8614.0,4047.0,452.0,6469.0,31742.0,12133.0,28958.0,2845.0,3713.0,26101.0,24.0,1392.0,1952
86009.0,80125.0,86195.0,84177.0,61799.0,76096.0,29258.0,58340.0,38401.0,46971.0,6066.0,23490.0,2373.0,19176.0,11694.0,28338.0,25491.0,29319.0,18973.0,5623.0,64372.0,16092.0,51013.0,3374.0,61275.0,38460.0,16201.0,44285.0,8154.0,4079.0,495.0,6118.0,30606.0,11364.0,29853.0,3605.0,3837.0,25494.0,15.0,1325.0,1953
86288.0,81166.0,86288.0,88514.0,61420.0,79532.0,31201.0,57026.0,37443.0,47156.0,6074.0,25263.0,2686.0,18687.0,13128.0,29268.0,26220.0,36199.0,19514.0,5649.0,68005.0,16581.0,49144.0,3966.0,55381.0,36374.0,15225.0,47158.0,7794.0,4040.0,424.0,5944.0,30264.0,10614.0,32455.0,5908.0,3998.0,26061.0,21.0,1340.0,1954
84157.0,80056.0,83719.0,88335.0,59955.0,86251.0,31604.0,53545.0,35355.0,45819.0,7905.0,26442.0,3281.0,18167.0,14172.0,27715.0,26678.0,42223.0,19268.0,6015.0,63162.0,16696.0,46221.0,4125.0,51291.0,33602.0,14436.0,47397.0,7239.0,3982.0,386.0,5594.0,30016.0,9929.0,33215.0,8536.0,4093.0,25110.0,8.0,1305.0,1955
84837.0,80761.0,83898.0,90620.0,58934.0,81596.0,32715.0,52891.0,35207.0,44800.0,8372.0,26623.0,4358.0,17222.0,15552.0,28202.0,26873.0,48811.0,19417.0,6594.0,61750.0,16340.0,43328.0,4707.0,48065.0,32303.0,13914.0,46567.0,6857.0,3869.0,406.0,5276.0,28784.0,9214.0,40042.0,11016.0,4386.0,24293.0,24.0,1283.0,1956
84270.0,78981.0,81706.0,92695.0,56829.0,82358.0,31806.0,52397.0,34252.0,44578.0,8966.0,27305.0,5223.0,16868.0,17038.0,27859.0,26983.0,52802.0,18699.0,6990.0,61092.0,17497.0,39275.0,5481.0,44500.0,29683.0,13009.0,45951.0,6399.0,3989.0,476.0,5017.0,27508.0,8477.0,40585.0,15134.0,4445.0,22766.0,27.0,1205.0,1957
78709.0,75992.0,77286.0,90520.0,54195.0,82584.0,30095.0,49941.0,32236.0,42066.0,11076.0,25612.0,6373.0,15635.0,17425.0,25000.0,26247.0,52662.0,17366.0,7105.0,55853.0,18528.0,37936.0,5881.0,41898.0,27879.0,12312.0,45172.0,5540.0,3908.0,529.0,4764.0,24816.0,7709.0,38464.0,20208.0,4660.0,21824.0,38.0,1174.0,1958
78601.0,76419.0,74494.0,85255.0,51364.0,83926.0,29523.0,47173.0,30762.0,40269.0,12903.0,25134.0,6558.0,15001.0,17953.0,23867.0,25694.0,56917.0,16902.0,7092.0,54477.0,18432.0,35219.0,6234.0,40410.0,25356.0,11573.0,41598.0,5237.0,3874.0,522.0,4376.0,23079.0,7318.0,36773.0,25689.0,4875.0,23355.0,37.0,1213.0,1959
76842.0,76096.0,72369.0,84183.0,49354.0,85928.0,29746.0,43561.0,29676.0,39279.0,15357.0,25962.0,6930.0,14063.0,19498.0,22731.0,25639.0,58731.0,16586.0,8209.0,51474.0,18858.0,32102.0,7245.0,37314.0,24444.0,11367.0,39200.0,5076.0,4204.0,559.0,4069.0,21896.0,6502.0,36376.0,33702.0,4655.0,24571.0,56.0,1223.0,1960
75917.0,79923.0,72900.0,86922.0,48003.0,84762.0,29445.0,41112.0,29189.0,37557.0,17226.0,25880.0,7075.0,13638.0,20190.0,21401.0,25623.0,57764.0,15877.0,8480.0,47676.0,18852.0,28870.0,9262.0,35577.0,22990.0,10547.0,37521.0,4728.0,4207.0,668.0,3856.0,20713.0,5579.0,34696.0,42702.0,4667.0,24141.0,80.0,1149.0,1961
72557.0,78437.0,70203.0,85037.0,44858.0,81320.0,30083.0,39409.0,27590.0,36524.0,17524.0,25546.0,7289.0,12553.0,20105.0,20422.0,23803.0,53503.0,15524.0,8703.0,43488.0,17801.0,26537.0,10981.0,31466.0,20644.0,10076.0,35744.0,4074.0,4543.0,865.0,3587.0,18028.0,4765.0,35185.0,46080.0,4438.0,22417.0,95.0,1077.0,1962
71327.0,78636.0,70016.0,83789.0,44478.0,78474.0,30101.0,40787.0,26784.0,35504.0,18356.0,24824.0,8034.0,12084.0,20241.0,18907.0,26678.0,49353.0,15317.0,9521.0,41550.0,17590.0,25369.0,11757.0,27717.0,18289.0,9303.0,33997.0,3792.0,4574.0,1121.0,3340.0,16268.0,4153.0,32486.0,56037.0,4251.0,21617.0,108.0,1108.0,1963
73044.0,82529.0,69999.0,82653.0,44242.0,75056.0,30550.0,40098.0,25900.0,34457.0,19637.0,24353.0,8983.0,11793.0,20135.0,18056.0,26885.0,45273.0,15601.0,10499.0,40989.0,17288.0,26090.0,12958.0,23635.0,16477.0,9108.0,31514.0,3535.0,4585.0,1171.0,3095.0,14694.0,4067.0,30245.0,54276.0,4287.0,19253.0,181.0,1130.0,1964
67703.0,71551.0,63134.0,81019.0,40132.0,67861.0,28660.0,36852.0,23492.0,31623.0,24635.0,24847.0,9991.0,10683.0,20338.0,16040.0,24926.0,38269.0,14414.0,9679.0,34272.0,16322.0,23555.0,15208.0,19335.0,14027.0,7793.0,26327.0,2960.0,4057.0,1529.0,2804.0,12255.0,3565.0,32874.0,60266.0,3921.0,16374.0,218.0,1287.0,1965
65180.0,65038.0,59333.0,79992.0,38260.0,66419.0,26991.0,34467.0,22257.0,29016.0,27877.0,23270.0,10807.0,9942.0,20625.0,14723.0,23581.0,34805.0,13273.0,10236.0,28886.0,15884.0,20112.0,18213.0,15561.0,13121.0,6961.0,23775.0,2666.0,4035.0,1667.0,2448.0,11729.0,2948.0,25446.0,56913.0,3673.0,15855.0,263.0,1250.0,1966
61699.0,61623.0,56380.0,82445.0,37621.0,66808.0,25940.0,33589.0,21295.0,28276.0,29425.0,22208.0,13580.0,9702.0,20886.0,14225.0,22842.0,34931.0,12659.0,9976.0,25318.0,16115.0,17748.0,18235.0,13198.0,11205.0,6227.0,22262.0,2316.0,4139.0,1761.0,2156.0,10267.0,2543.0,21540.0,52435.0,3721.0,14742.0,386.0,1206.0,1967
60704.0,60931.0,58211.0,82006.0,36958.0,63725.0,25401.0,32988.0,21575.0,27443.0,31464.0,22018.0,15839.0,9388.0,20237.0,13368.0,21872.0,35421.0,12291.0,10565.0,21722.0,14889.0,15810.0,26851.0,11368.0,9744.0,5437.0,19505.0,2084.0,4486.0,1840.0,1882.0,8960.0,2134.0,19558.0,49532.0,3562.0,12680.0,544.0,1326.0,1968
59912.0,58776.0,58327.0,85208.0,37633.0,63703.0,26187.0,31111.0,21678.0,27479.0,35702.0,23184.0,17472.0,9203.0,20906.0,12778.0,20698.0,33396.0,12458.0,11290.0,19851.0,15296.0,14953.0,33701.0,10248.0,8808.0,5044.0,17808.0,1777.0,5078.0,2492.0,1857.0,7900.0,2134.0,17638.0,45029.0,3715.0,12183.0,641.0,1577.0,1969
61766.0,58520.0,57201.0,85303.0,38910.0,61753.0,26732.0,30452.0,22432.0,26685.0,41775.0,23528.0,20201.0,8919.0,21188.0,12404.0,20209.0,31494.0,12298.0,11999.0,19206.0,15119.0,13406.0,46157.0,8730.0,8026.0,4704.0,15739.0,1799.0,5617.0,4023.0,1715.0,7064.0,1966.0,16701.0,38964.0,3796.0,11244.0,930.0,1931.0,1970
54622.0,51516.0,50655.0,77591.0,35432.0,53121.0,24517.0,26164.0,19854.0,23161.0,48234.0,21789.0,22560.0,8225.0,19226.0,10871.0,17477.0,25136.0,11059.0,10924.0,16697.0,13603.0,11464.0,56784.0,7375.0,6453.0,4001.0,13779.0,1624.0,5849.0,5360.0,1440.0,6214.0,1764.0,14211.0,32909.0,3574.0,9709.0,1164.0,1868.0,1971
47083.0,43182.0,43035.0,71405.0,30532.0,46371.0,22469.0,22318.0,16980.0,19575.0,52187.0,22110.0,22947.0,7165.0,17464.0,9264.0,14565.0,21507.0,9298.0,10125.0,13760.0,12187.0,9601.0,63604.0,5743.0,5081.0,3286.0,10575.0,1274.0,6113.0,6210.0,1243.0,4816.0,1366.0,11180.0,27547.0,3447.0,7914.0,1176.0,2333.0,1972
42888.0,39175.0,38701.0,67846.0,28021.0,41106.0,21328.0,19952.0,15756.0,17937.0,48322.0,23697.0,24548.0,6606.0,16417.0,8367.0,12906.0,20388.0,8370.0,10735.0,12318.0,12358.0,8475.0,62451.0,4730.0,4437.0,3168.0,9284.0,1174.0,7216.0,7226.0,1132.0,3942.0,1322.0,9356.0,22669.0,3496.0,6584.0,1253.0,3028.0,1973
41353.0,37640.0,37038.0,67583.0,26993.0,41811.0,21838.0,18647.0,15153.0,17286.0,48610.0,23842.0,27224.0,6282.0,16393.0,7760.0,12320.0,18916.0,7826.0,11784.0,11738.0,12259.0,8036.0,63112.0,4081.0,3905.0,3088.0,8472.0,1099.0,9785.0,10654.0,1140.0,3895.0,1130.0,8651.0,19776.0,3613.0,6270.0,1626.0,4329.0,1974
39592.0,35096.0,35335.0,68454.0,25571.0,39172.0,22142.0,17684.0,14581.0,16554.0,46592.0,23823.0,28552.0,5843.0,16496.0,7198.0,12017.0,16751.0,7390.0,12767.0,10968.0,12474.0,7050.0,58185.0,3523.0,3455.0,2951.0,7487.0,974.0,11171.0,12928.0,1057.0,3512.0,1022.0,8165.0,18134.0,3570.0,5375.0,1988.0,5481.0,1975
38306.0,34008.0,33809.0,66964.0,24447.0,39299.0,24072.0,16764.0,13937.0,16125.0,45213.0,24718.0,29982.0,5562.0,16612.0,6799.0,11787.0,15517.0,7054.0,13317.0,10318.0,13548.0,6017.0,59474.0,3140.0,2972.0,2668.0,6406.0,983.0,13993.0,18368.0,943.0,3283.0,909.0,7503.0,17350.0,3583.0,4862.0,2291.0,5547.0,1976
40054.0,34230.0,34220.0,67610.0,24770.0,40541.0,26492.0,17447.0,14743.0,16592.0,46744.0,26076.0,31974.0,5604.0,16799.0,6867.0,11807.0,15442.0,6844.0,16034.0,10659.0,16426.0,5905.0,58964.0,2909.0,2842.0,2624.0,5955.0,934.0,18094.0,24843.0,993.0,3222.0,808.0,7444.0,17013.0,3851.0,4373.0,2706.0,6879.0,1977
39914.0,34036.0,33390.0,67158.0,24187.0,40704.0,26668.0,16732.0,14849.0,16493.0,47259.0,26446.0,34312.0,5297.0,16815.0,6425.0,11739.0,14870.0,6486.0,16741.0,10044.0,16807.0,5500.0,56323.0,2935.0,2580.0,2632.0,5419.0,913.0,19976.0,26103.0,925.0,3046.0,715.0,6374.0,17035.0,4168.0,4004.0,3483.0,7479.0,1978
39370.0,35438.0,34023.0,67733.0,24701.0,42077.0,28667.0,16720.0,14825.0,16472.0,50678.0,28528.0,35659.0,5261.0,17531.0,6513.0,11646.0,14394.0,6877.0,18635.0,10559.0,18077.0,5650.0,56718.0,2739.0,2491.0,2830.0,5199.0,889.0,21018.0,27776.0,878.0,2865.0,711.0,5601.0,17287.0,4666.0,3996.0,4451.0,7973.0,1979
39325.0,35279.0,34281.0,68693.0,25652.0,41923.0,30202.0,16663.0,14961.0,17570.0,49092.0,29895.0,37860.0,5297.0,17613.0,6269.0,11826.0,14156.0,6764.0,19729.0,11475.0,19529.0,5309.0,58376.0,2805.0,2577.0,2860.0,4703.0,895.0,25755.0,33923.0,910.0,2805.0,658.0,5054.0,15660.0,5034.0,3997.0,7296.0,9007.0,1980
38307.0,34882.0,34402.0,68765.0,24804.0,40659.0,30772.0,16857.0,14429.0,17165.0,50233.0,30994.0,43330.0,5159.0,18574.0,5913.0,11779.0,13544.0,6657.0,20232.0,11043.0,20171.0,5285.0,57049.0,2731.0,2528.0,2791.0,4247.0,788.0,28173.0,42532.0,897.0,2909.0,662.0,4536.0,14294.0,5191.0,4036.0,8878.0,10801.0,1981
38872.0,34699.0,34421.0,68228.0,25599.0,40451.0,31047.0,16714.0,14306.0,17582.0,59225.0,32653.0,46060.0,4988.0,19644.0,5715.0,11306.0,13871.0,6292.0,22838.0,10855.0,20511.0,5168.0,57115.0,2787.0,2346.0,2997.0,3964.0,829.0,28484.0,45446.0,876.0,2805.0,635.0,4154.0,12637.0,5270.0,3650.0,14853.0,12518.0,1982
36353.0,33151.0,32745.0,67995.0,25391.0,39201.0,30456.0,15899.0,13211.0,17563.0,59343.0,34746.0,50214.0,4493.0,19831.0,5327.0,10827.0,13812.0,5996.0,25578.0,9896.0,19843.0,4923.0,54342.0,2474.0,2019.0,2943.0,3353.0,759.0,27231.0,45282.0,844.0,2520.0,564.0,3789.0,11468.0,5218.0,3173.0,33293.0,12377.0,1983
35846.0,32612.0,31772.0,67736.0,24901.0,38481.0,30512.0,15593.0,12939.0,17594.0,60023.0,36525.0,49775.0,4265.0,20957.0,5064.0,10458.0,13215.0,5912.0,25921.0,9289.0,20364.0,4475.0,50561.0,2334.0,1865.0,3041.0,3114.0,681.0,25882.0,45855.0,858.0,2485.0,504.0,3536.0,10236.0,5305.0,2879.0,38770.0,12782.0,1984
35854.0,31499.0,32088.0,64906.0,24604.0,38513.0,30213.0,15331.0,12893.0,17604.0,59600.0,38541.0,47073.0,4255.0,22085.0,4748.0,10312.0,13190.0,5870.0,30168.0,9244.0,20540.0,4400.0,42650.0,2113.0,1675.0,3069.0,2662.0,719.0,24880.0,48346.0,809.0,2606.0,502.0,3139.0,9017.0,5882.0,2658.0,47007.0,13135.0,1985
34034.0,30203.0,31341.0,64205.0,24328.0,37139.0,28833.0,15007.0,12620.0,17350.0,56682.0,36571.0,46923.0,4344.0,21949.0,4660.0,9709.0,12605.0,5775.0,33856.0,8506.0,19069.0,4246.0,36184.0,1952.0,1487.0,3082.0,2391.0,629.0,28154.0,52674.0,766.0,2426.0,407.0,2801.0,7902.0,5905.0,2638.0,49675.0,13234.0,1986
32636.0,29541.0,30228.0,63647.0,24199.0,36781.0,28510.0,14401.0,12170.0,18125.0,54489.0,35861.0,46481.0,4088.0,23117.0,4500.0,9700.0,11993.0,5903.0,36204.0,8395.0,18606.0,3913.0,32700.0,1930.0,1632.0,3145.0,2249.0,614.0,27890.0,55991.0,816.0,2235.0,435.0,2581.0,7547.0,6165.0,2411.0,54851.0,14711.0,1987
32503.0,29401.0,30313.0,64133.0,24122.0,35313.0,29003.0,14141.0,12102.0,18799.0,52996.0,34694.0,45868.0,4294.0,23630.0,4325.0,9428.0,11704.0,5798.0,35738.0,8510.0,20036.0,3798.0,27887.0,1844.0,1504.0,3139.0,2060.0,608.0,28366.0,51538.0,774.0,2345.0,395.0,2566.0,7264.0,6439.0,2257.0,49961.0,15870.0,1988
32698.0,29844.0,30064.0,65382.0,24670.0,35216.0,29869.0,14135.0,12247.0,18429.0,53176.0,34998.0,45371.0,4511.0,24420.0,4324.0,9029.0,11317.0,5848.0,34811.0,8644.0,20296.0,3606.0,23995.0,1843.0,1495.0,3285.0,1799.0,620.0,27792.0,47885.0,857.0,2343.0,399.0,2757.0,6573.0,6895.0,2328.0,47587.0,17319.0,1989
32347.0,29073.0,28871.0,65282.0,24892.0,33742.0,30127.0,13575.0,11992.0,18216.0,52332.0,33815.0,44800.0,4567.0,25075.0,4177.0,8579.0,10679.0,5742.0,33657.0,8666.0,20744.0,3578.0,22226.0,1659.0,1388.0,3370.0,1687.0,596.0,25816.0,46475.0,862.0,2384.0,406.0,2716.0,5345.0,7288.0,2344.0,45558.0,19363.0,1990
30504.0,27801.0,26828.0,60785.0,23865.0,30415.0,29835.0,12552.0,11333.0,16786.0,47101.0,30919.0,41636.0,4179.0,24440.0,3648.0,7677.0,9682.0,5572.0,31529.0,8760.0,20387.0,3417.0,20672.0,1608.0,1239.0,3194.0,1478.0,498.0,25223.0,43397.0,773.0,2497.0,346.0,2599.0,4396.0,7118.0,2139.0,43479.0,20308.0,1991
28503.0,26241.0,24088.0,54386.0,23066.0,28409.0,27894.0,11326.0,10468.0,15282.0,42461.0,29146.0,37736.0,3893.0,23165.0,3265.0,6999.0,8743.0,5230.0,30535.0,8458.0,19033.0,2951.0,17819.0,1580.0,1124.0,3241.0,1372.0,510.0,24635.0,38354.0,827.0,2185.0,296.0,2763.0,3780.0,6846.0,2015.0,38452.0,21831.0,1992
26249.0,24989.0,22443.0,49550.0,22208.0,27026.0,27007.0,10227.0,9855.0,14862.0,38228.0,28682.0,35769.0,3511.0,21785.0,2996.0,6479.0,8058.0,4788.0,27316.0,8119.0,17555.0,2660.0,15748.0,1488.0,949.0,3167.0,1199.0,476.0,24251.0,34988.0,868.0,1985.0,292.0,2806.0,3224.0,6808.0,1884.0,34850.0,23593.0,1993
24768.0,24178.0,20555.0,44470.0,21488.0,24868.0,25728.0,9513.0,9014.0,14904.0,34800.0,28059.0,33646.0,3317.0,21599.0,2652.0,5798.0,7486.0,4522.0,26009.0,7751.0,16779.0,2363.0,14000.0,1283.0,871.0,3104.0,1025.0,442.0,22290.0,32117.0,849.0,2192.0,276.0,2488.0,2565.0,7523.0,1770.0,30278.0,24149.0,1994
22731.0,23236.0,18583.0,41402.0,20158.0,23034.0,25345.0,8784.0,8473.0,14159.0,32673.0,26719.0,32876.0,3286.0,20480.0,2254.0,5413.0,6886.0,4142.0,25851.0,7452.0,16185.0,2161.0,12686.0,1234.0,753.0,3221.0,893.0,376.0,21376.0,27935.0,836.0,2001.0,235.0,2270.0,2237.0,8564.0,1706.0,26602.0,24380.0,1995
21155.0,22180.0,17674.0,38365.0,20540.0,23013.0,24754.0,8179.0,8247.0,13800.0,30902.0,25111.0,32073.0,3227.0,20503.0,2182.0,4879.0,6597.0,4073.0,25234.0,6956.0,15995.0,1970.0,11728.0,987.0,678.0,3104.0,959.0,350.0,21036.0,24194.0,900.0,1824.0,218.0,2401.0,1865.0,8565.0,1659.0,23677.0,25151.0,1996
20402.0,21379.0,16304.0,37548.0,20017.0,21882.0,23589.0,7242.0,7655.0,12895.0,29103.0,23934.0,31513.0,3177.0,20028.0,1970.0,4749.0,6168.0,3914.0,25196.0,6636.0,15419.0,1781.0,11838.0,1098.0,690.0,2966.0,804.0,315.0,20702.0,21043.0,812.0,1525.0,189.0,2223.0,1545.0,8337.0,1448.0,20895.0,25732.0,1997
19686.0,20624.0,15524.0,36614.0,20831.0,20881.0,23178.0,6954.0,7847.0,12886.0,27001.0,23153.0,31142.0,3044.0,19630.0,1861.0,4319.0,5892.0,3575.0,23654.0,6443.0,15186.0,1704.0,10689.0,971.0,569.0,2962.0,752.0,312.0,19879.0,18235.0,832.0,1478.0,197.0,2073.0,1363.0,8378.0,1366.0,19874.0,26181.0,1998
18551.0,20346.0,14539.0,33912.0,20708.0,20331.0,23210.0,6502.0,7524.0,12791.0,25603.0,22689.0,30415.0,3041.0,19470.0,1747.0,4017.0,5606.0,3593.0,23854.0,6372.0,15341.0,1532.0,10613.0,900.0,554.0,2958.0,703.0,335.0,19102.0,16348.0,841.0,1419.0,182.0,2172.0,1112.0,9098.0,1287.0,18136.0,26539.0,1999
17981.0,20092.0,13737.0,32035.0,20659.0,19767.0,22825.0,6352.0,7524.0,12639.0,24931.0,22312.0,28572.0,3037.0,19648.0,1609.0,3791.0,5224.0,3480.0,23639.0,6192.0,15094.0,1392.0,9385.0,850.0,524.0,3121.0,683.0,313.0,17697.0,15709.0,890.0,1376.0,174.0,2172.0,1087.0,10588.0,1268.0,17997.0,25953.0,2000
17070.0,18885.0,12663.0,29681.0,20099.0,19342.0,22004.0,5770.0,7282.0,12146.0,23123.0,20984.0,26806.0,3085.0,19733.0,1470.0,3515.0,4752.0,3374.0,22406.0,5729.0,14784.0,1223.0,8923.0,837.0,490.0,2895.0,630.0,319.0,15896.0,13920.0,884.0,1418.0,154.0,2193.0,908.0,10574.0,1208.0,16526.0,25055.0,2001
16957.0,17446.0,12024.0,28246.0,20122.0,18671.0,21891.0,5317.0,7207.0,11291.0,21681.0,21315.0,25151.0,3016.0,19584.0,1289.0,3257.0,4222.0,3242.0,22017.0,5460.0,14600.0,1113.0,8537.0,769.0,493.0,2674.0,604.0,263.0,14758.0,11913.0,875.0,1362.0,128.0,2222.0,830.0,10385.0,1139.0,15342.0,24463.0,2002
16891.0,17225.0,11393.0,27118.0,19989.0,18612.0,21361.0,5053.0,7693.0,10932.0,20746.0,21038.0,23996.0,2910.0,20144.0,1307.0,3250.0,4028.0,3108.0,22150.0,5016.0,14102.0,1012.0,7564.0,741.0,431.0,2623.0,568.0,291.0,13760.0,10448.0,783.0,1177.0,143.0,2331.0,811.0,9443.0,1180.0,14513.0,25688.0,2003
16460.0,16447.0,10675.0,25454.0,20223.0,18385.0,20123.0,4845.0,7649.0,10497.0,19626.0,20979.0,22873.0,2735.0,19603.0,1249.0,3182.0,3768.0,3149.0,21699.0,4809.0,13560.0,997.0,6541.0,727.0,425.0,2435.0,523.0,289.0,12735.0,9471.0,861.0,1146.0,137.0,2165.0,709.0,9514.0,1175.0,14372.0,25033.0,2004
16133.0,15765.0,10159.0,23812.0,19050.0,18114.0,19210.0,4666.0,7926.0,10037.0,19165.0,20208.0,21467.0,2823.0,19378.0,1150.0,3141.0,3527.0,2970.0,20727.0,4454.0,12729.0,879.0,5836.0,749.0,398.0,2311.0,481.0,234.0,11532.0,8111.0,960.0,1014.0,132.0,2063.0,618.0,9101.0,1017.0,13274.0,23937.0,2005
16235.0,15161.0,9899.0,22632.0,18955.0,17627.0,18440.0,4467.0,8009.0,9508.0,19678.0,20059.0,20331.0,2700.0,19401.0,1098.0,3023.0,3246.0,2868.0,19718.0,4090.0,12425.0,775.0,5267.0,700.0,542.0,2188.0,493.0,265.0,11148.0,6810.0,949.0,1015.0,137.0,2029.0,608.0,8601.0,890.0,12345.0,21400.0,2006
15957.0,14430.0,9376.0,21987.0,18881.0,17537.0,17333.0,4420.0,7450.0,8927.0,20012.0,20250.0,18734.0,2758.0,19627.0,998.0,2765.0,2971.0,2822.0,18446.0,3679.0,13050.0,725.0,4648.0,660.0,476.0,2025.0,462.0,262.0,9989.0,5708.0,931.0,900.0,134.0,2171.0,524.0,7888.0,800.0,11425.0,19355.0,2007
15171.0,13314.0,8827.0,20617.0,18388.0,16318.0,16571.0,4056.0,7283.0,8356.0,17941.0,19001.0,17579.0,2552.0,18391.0,991.0,2553.0,2912.0,2788.0,16756.0,3497.0,12002.0,629.0,3791.0,613.0,394.0,1863.0,422.0,242.0,9042.0,4735.0,885.0,857.0,137.0,1816.0,507.0,7265.0,720.0,9403.0,17429.0,2008
14206.0,12114.0,7826.0,18935.0,17914.0,15433.0,14914.0,3606.0,7283.0,7719.0,16346.0,17538.0,15984.0,2380.0,16306.0,838.0,2424.0,2573.0,2982.0,14858.0,3160.0,11029.0,564.0,2986.0,551.0,457.0,1763.0,377.0,226.0,7776.0,3796.0,826.0,665.0,149.0,1433.0,420.0,6800.0,585.0,7813.0,15345.0,2009
13877.0,11555.0,7554.0,17342.0,17048.0,14196.0,13825.0,3234.0,7095.0,7123.0,14273.0,15836.0,14126.0,2370.0,15487.0,764.0,2125.0,2413.0,2902.0,14236.0,2866.0,10260.0,479.0,2619.0,477.0,406.0,1698.0,353.0,242.0,6321.0,3196.0,703.0,573.0,134.0,1286.0,396.0,6326.0,579.0,6312.0,14268.0,2010
13247.0,11042.0,6968.0,16789.0,17339.0,13222.0,12964.0,3160.0,6977.0,6913.0,12995.0,15279.0,14159.0,2316.0,14263.0,787.0,2073.0,2426.0,2664.0,13272.0,2706.0,10084.0,429.0,2277.0,489.0,363.0,1699.0,353.0,278.0,5555.0,2620.0,730.0,537.0,167.0,1103.0,396.0,5658.0,471.0,5398.0,14251.0,2011
13418.0,10615.0,6946.0,16154.0,16880.0,12530.0,12553.0,3019.0,6935.0,6838.0,11892.0,14271.0,13964.0,2333.0,13195.0,725.0,1950.0,2203.0,2591.0,12617.0,2574.0,9703.0,395.0,1923.0,448.0,293.0,1777.0,322.0,277.0,5186.0,2332.0,772.0,436.0,140.0,896.0,395.0,5615.0,415.0,4698.0,13646.0,2012
13552.0,10704.0,6708.0,15491.0,16633.0,12348.0,12231.0,2795.0,7012.0,6786.0,10849.0,14290.0,13329.0,2547.0,12260.0,707.0,2030.0,2202.0,2706.0,11649.0,2646.0,9448.0,419.0,1689.0,443.0,313.0,1773.0,317.0,335.0,4694.0,1947.0,739.0,409.0,175.0,730.0,353.0,5378.0,356.0,3937.0,13124.0,2013
14420.0,10687.0,6633.0,15440.0,16809.0,12195.0,12106.0,2877.0,7339.0,7026.0,10350.0,13931.0,12898.0,3001.0,11571.0,737.0,2001.0,2181.0,2582.0,11151.0,2630.0,9557.0,379.0,1521.0,470.0,319.0,1950.0,324.0,384.0,4700.0,1796.0,802.0,371.0,193.0,631.0,376.0,5679.0,353.0,3554.0,12642.0,2014
14799.0,10373.0,6111.0,14413.0,15889.0,11781.0,11471.0,2675.0,7177.0,7172.0,9805.0,13490.0,12737.0,3048.0,10618.0,691.0,2024.0,2064.0,2592.0,10096.0,2624.0,9724.0,348.0,1283.0,425.0,321.0,2104.0,296.0,397.0,4515.0,1585.0,765.0,342.0,191.0,626.0,373.0,5125.0,337.0,3423.0,11780.0,2015
14842.0,9995.0,5977.0,14057.0,15739.0,11089.0,10892.0,2511.0,7098.0,7338.0,9053.0,12921.0,12605.0,3299.0,9851.0,624.0,1931.0,2061.0,2500.0,9376.0,2504.0,9542.0,383.0,1159.0,436.0,327.0,2212.0,300.0,452.0,4402.0,1379.0,815.0,308.0,177.0,615.0,342.0,4775.0,319.0,3036.0,10957.0,2016
14232.0,9434.0,5507.0,12579.0,14904.0,10124.0,10360.0,2269.0,7130.0,7131.0,8255.0,11640.0,11611.0,3151.0,8802.0,594.0,1684.0,1936.0,2309.0,8215.0,2381.0,8915.0,302.0,1042.0,404.0,292.0,2242.0,272.0,498.0,3986.0,1271.0,758.0,308.0,175.0,552.0,305.0,4520.0,299.0,2517.0,9746.0,2017
